{"magin": -0.044882237911224365, "p_value": 0.00026565557351647954, "t-statistic": -3.657630873374173, "cohen": -0.2127648890018463}