{"magin": -0.6025829315185547, "p_value": 5.214351407350124e-239, "t-statistic": -42.218965236238716, "cohen": -2.4665067195892334}